<?xml version="1.0" encoding="UTF-8" standalone="no"?>
<ds:datastoreItem ds:itemID="{7CBA47C7-53D1-4E5D-BD7E-65E7F707CBD7}" xmlns:ds="http://schemas.openxmlformats.org/officeDocument/2006/customXml"><ds:schemaRefs><ds:schemaRef ds:uri="http://schemas.microsoft.com/office/2006/metadata/properties"/><ds:schemaRef ds:uri="http://schemas.microsoft.com/office/infopath/2007/PartnerControls"/><ds:schemaRef ds:uri="a7b088f9-5bd5-4bdb-b5bc-dcadbd2c3ab5"/><ds:schemaRef ds:uri="01a85018-e850-4e17-bfd2-3567c6643c53"/><ds:schemaRef ds:uri="38ba66c5-cb93-4627-974e-dc0680a5f241"/><ds:schemaRef ds:uri="http://schemas.microsoft.com/sharepoint/v4"/></ds:schemaRefs></ds:datastoreItem>